Brnd_Name,Gnrc_Name,claims_latest,share_of_molecule,cost_per_claim,growth_method,claims_low,claims_base,claims_high,cost_low,growth_low,cost_base,growth_base,cost_high,growth_high,forecast_year
Ozempic,Semaglutide,9930484,0.9105219668076363,1246.2621635511423,latest YoY (slowing),14110031.984652534,15103080.384652533,16096128.784652531,17584798988.968884,0.4208805919885208,18822397636.463882,0.5208805919885207,20059996283.95888,0.6208805919885205,2025
Mounjaro,Tirzepatide,4694896,0.9999970180472043,1240.7720513361744,repeat last absolute gain (launch brand),7398708.93733341,7868198.537333411,8337688.13733341,9180111265.414461,0.5759047564277058,9762640839.487463,0.6759047564277061,10345170413.560461,0.7759047564277057,2025
Trulicity,Dulaglutide,3816376,1.0,1254.2835434532658,latest YoY (slowing),2620398.3759255474,3002035.9759255475,3383673.575925547,3286722560.2150784,-0.3133804489060964,3765404321.458079,-0.21338044890609642,4244086082.7010784,-0.11338044890609644,2025
Rybelsus,Semaglutide,899704,0.08249348728870594,1455.2116594013141,latest YoY (slowing),1278371.9521344402,1368342.35213444,1458312.75213444,1860301769.797656,0.4208805919885208,1991227744.878656,0.5208805919885209,2122153719.9596558,0.6208805919885207,2025
Wegovy,Semaglutide,76176,0.006984545903657717,1408.097432393405,latest YoY (slowing),108236.99997531755,115854.59997531754,123472.19997531753,152408241.75520968,0.42088059198852057,163134564.75620967,0.5208805919885207,173860887.75720966,0.6208805919885205,2025
Bydureon Bcise,Exenatide,85420,0.9786332130377499,1045.1632950128776,3-yr CAGR,56894.08099558935,65436.08099558935,73978.08099558935,59463605.1600797,-0.333948946434215,68391390.0260797,-0.23394894643421504,77319174.89207971,-0.13394894643421507,2025
Victoza,Liraglutide,71722,0.8286387688610578,869.0758545495106,latest YoY (slowing),7408.821094687688,14581.021094687687,21753.221094687684,6438827.524070143,-0.8967008575515506,12672013.368070142,-0.7967008575515506,18905199.21207014,-0.6967008575515506,2025
Generic Liraglutide,Liraglutide,14832,0.17136123113894217,653.2016147518877,latest YoY (slowing),1532.1328807954014,3015.3328807954017,4498.532880795401,1000791.6717500178,-0.8967008575515506,1969620.306750018,-0.7967008575515506,2938448.9417500175,-0.6967008575515506,2025
Byetta,Exenatide,1865,0.0213667869622501,885.4785361930295,3-yr CAGR,1242.185214900189,1428.685214900189,1615.185214900189,1099928.3457704433,-0.333948946434215,1265070.0927704433,-0.23394894643421493,1430211.8397704433,-0.13394894643421495,2025
Zepbound,Tirzepatide,14,2.9819527956872444e-06,991.9250000000001,repeat last absolute gain (launch brand),22.06266658998788,23.462666589987883,24.86266658998788,21884.51055727373,0.5759047564277058,23273.205557273734,0.6759047564277059,24661.90055727373,0.7759047564277057,2025
