Gnrc_Name,Year,scenario,claims_value
Dulaglutide,2020,Actual,2486752
Dulaglutide,2021,Actual,3313160
Dulaglutide,2022,Actual,4174280
Dulaglutide,2023,Actual,4851616
Dulaglutide,2024,Actual,3816376
Exenatide,2020,Actual,294693
Exenatide,2021,Actual,194163
Exenatide,2022,Actual,164351
Exenatide,2023,Actual,112470
Exenatide,2024,Actual,87285
Liraglutide,2020,Actual,951951
Liraglutide,2021,Actual,750962
Liraglutide,2022,Actual,569902
Liraglutide,2023,Actual,425747
Liraglutide,2024,Actual,86554
Semaglutide,2020,Actual,1018900
Semaglutide,2021,Actual,1922249
Semaglutide,2022,Actual,3434882
Semaglutide,2023,Actual,7171085
Semaglutide,2024,Actual,10906364
Tirzepatide,2022,Actual,39468
Tirzepatide,2023,Actual,1521598
Tirzepatide,2024,Actual,4694910
Dulaglutide,2025,Low,2620398.3759255474
Exenatide,2025,Low,58136.26621048954
Liraglutide,2025,Low,8940.95397548309
Semaglutide,2025,Low,15496640.936762292
Tirzepatide,2025,Low,7398731.0
Dulaglutide,2025,Base,3002035.9759255475
Exenatide,2025,Base,66864.76621048954
Liraglutide,2025,Base,17596.35397548309
Semaglutide,2025,Base,16587277.33676229
Tirzepatide,2025,Base,7868222.000000001
Dulaglutide,2025,High,3383673.575925547
Exenatide,2025,High,75593.26621048954
Liraglutide,2025,High,26251.753975483087
Semaglutide,2025,High,17677913.73676229
Tirzepatide,2025,High,8337713.0
