Year,Brnd_Name,Gnrc_Name,Manufacturer,claims,drug_cost,prescribers,benes_lower_bound,cost_per_claim,claim_share,claims_yoy
2020,Bydureon,Exenatide,AstraZeneca,122116,112097394.57,7150,1178.0,917.9582902322381,0.025696210842085593,
2021,Bydureon,Exenatide,AstraZeneca,3813,3543008.53,260,201.0,929.191851560451,0.0006169369831150512,-0.9687755904222215
2022,Bydureon,Exenatide,AstraZeneca,59,47309.88,5,0.0,801.8623728813559,7.038151433104816e-06,-0.984526619459743
2020,Bydureon Bcise,Exenatide,AstraZeneca,161316,164131614.68,7199,7702.0,1017.4540323340525,0.0339448552867919,
2021,Bydureon Bcise,Exenatide,AstraZeneca,183057,204974449.54,8546,8457.0,1119.7301908148827,0.02961831453398687,0.13477274417912666
2022,Bydureon Bcise,Exenatide,AstraZeneca,160743,184301180.21,8207,5346.0,1146.5580473799794,0.01917514535273843,-0.12189645848014552
2023,Bydureon Bcise,Exenatide,AstraZeneca,109771,128348778.43,6006,3315.0,1169.2412242759929,0.007794842910173154,-0.3171024554724
2024,Bydureon Bcise,Exenatide,AstraZeneca,85420,89277848.66,4844,2026.0,1045.1632950128776,0.004360056553128759,-0.2218345464649133
2020,Byetta,Exenatide,AstraZeneca,11261,9799398.4,835,13.0,870.2067667169879,0.0023695914564244316,
2021,Byetta,Exenatide,AstraZeneca,7293,6817498.5,569,0.0,934.8002879473468,0.001179995126634689,-0.3523665749045378
2022,Byetta,Exenatide,AstraZeneca,3549,3316688.94,283,0.0,934.5418258664413,0.0004233627023065931,-0.5133689839572193
2023,Byetta,Exenatide,AstraZeneca,2699,2453400.99,219,0.0,909.0037013708782,0.00019165609327196929,-0.2395040856579318
2024,Byetta,Exenatide,AstraZeneca,1865,1651417.47,148,11.0,885.4785361930295,9.519439793473585e-05,-0.3090033345683586
2024,Generic Liraglutide,Liraglutide,Generic,14832,9688286.35,771,2005.0,653.2016147518877,0.0007570634370874005,
2022,Mounjaro,Tirzepatide,Eli Lilly,39468,46700706.11,2034,5690.0,1183.2549434985303,0.004708165436640354,
2023,Mounjaro,Tirzepatide,Eli Lilly,1521598,1965517131.54,44382,164365.0,1291.7453437373076,0.10804873220097885,37.55270092226614
2024,Mounjaro,Tirzepatide,Eli Lilly,4694896,5825295740.73,97208,606944.0,1240.7720513361744,0.23963957001940997,2.0855035298416533
2020,Ozempic,Semaglutide,Novo Nordisk,996503,1192865701.28,27304,134527.0,1197.0517913945066,0.20968874834395837,
2021,Ozempic,Semaglutide,Novo Nordisk,1703541,2206280892.23,43396,255514.0,1295.1146419311306,0.275630066916548,0.7095191886025431
2022,Ozempic,Semaglutide,Novo Nordisk,2976893,4040317311.88,71639,480194.0,1357.2262462507051,0.3551156565110118,0.7474736446026247
2023,Ozempic,Semaglutide,Novo Nordisk,6416007,8535565766.47,131910,1089531.0,1330.3548089130825,0.45560090256599034,1.155269604920298
2024,Ozempic,Semaglutide,Novo Nordisk,9930484,12375986474.95,171191,1628946.0,1246.2621635511423,0.5068774507134195,0.5477670145933444
2020,Rybelsus,Semaglutide,Novo Nordisk,22397,23038832.54,1193,2183.0,1028.65707639416,0.004712879837451203,
2021,Rybelsus,Semaglutide,Novo Nordisk,218708,259805369.0,9608,19427.0,1187.909765532125,0.035386586337038194,8.765057820243783
2022,Rybelsus,Semaglutide,Novo Nordisk,457989,626782123.25,18413,42992.0,1368.552788931612,0.05463382943552952,1.0940660606836512
2023,Rybelsus,Semaglutide,Novo Nordisk,755052,1135016955.41,29472,76910.0,1503.2301820404423,0.053616271410591686,0.648624748629334
2024,Rybelsus,Semaglutide,Novo Nordisk,899704,1309259750.81,35474,80079.0,1455.2116594013141,0.04592320675574991,0.1915788581448694
2020,Trulicity,Dulaglutide,Eli Lilly,2486752,2849897422.87,63998,255687.0,1146.03202203919,0.5232738028102627,
2021,Trulicity,Dulaglutide,Eli Lilly,3313160,4156252166.1,78837,389731.0,1254.4676882794672,0.5360637122941156,0.3323242526798007
2022,Trulicity,Dulaglutide,Eli Lilly,4174280,5581472135.65,95389,534841.0,1337.11014489924,0.49795279261323344,0.25990896908087757
2023,Trulicity,Dulaglutide,Eli Lilly,4851616,6666365125.9,109569,607161.0,1374.0504454392103,0.34451343779762084,0.1622641509433962
2024,Trulicity,Dulaglutide,Eli Lilly,3816376,4786817612.43,101479,424212.0,1254.2835434532658,0.19479764912202435,-0.21338044890609642
2020,Victoza,Liraglutide,Novo Nordisk,951951,1241424236.76,33993,68025.0,1304.0841773998873,0.20031391142302585,
2021,Victoza,Liraglutide,Novo Nordisk,750962,1051694879.78,29888,46268.0,1400.4635118421438,0.12150438780856153,-0.21113376633881364
2022,Victoza,Liraglutide,Novo Nordisk,569902,832373893.27,25187,27783.0,1460.5561890816316,0.0679840097971068,-0.24110407717034954
2023,Victoza,Liraglutide,Novo Nordisk,425747,617334961.13,19787,20860.0,1450.004254005313,0.03023231076037833,-0.25294699790490294
2024,Victoza,Liraglutide,Novo Nordisk,71722,62331858.44,3815,4134.0,869.0758545495106,0.0036608753933914874,-0.831538448891008
2023,Wegovy,Semaglutide,Novo Nordisk,26,36076.229999999996,2,0.0,1387.5473076923076,1.8462609948392745e-06,
2024,Wegovy,Semaglutide,Novo Nordisk,76176,107263230.01,3956,4247.0,1408.097432393405,0.0038882190118372318,2928.846153846154
2024,Zepbound,Tirzepatide,Eli Lilly,14,13886.95,1,0.0,991.9250000000001,7.145960166682583e-07,
