Prscrbr_State_Abrvtn,claims,drug_cost,prescribers,benes_lower_bound,cost_per_claim,claims_prior,claims_yoy,claims_per_prescriber,claim_share
TX,1655983,2172076116.85,14686,282275.0,1311.6536322232776,1187225,0.39483501442439306,112.75929456625357,0.08453423633432103
CA,1645809,1899340477.52,19330,224994.0,1154.046719588968,1156021,0.4236843448345662,85.14273150543197,0.08401487634061011
NY,1326355,1717233277.48,12442,207584.0,1294.7010999920835,989279,0.34072895512792645,106.60303809676901,0.06770746259666215
FL,1304860,1658104970.97,13230,201279.0,1270.7148437150345,879725,0.48325897297450915,98.62887377173091,0.06661019081910993
PA,922480,1126769790.32,8738,124750.0,1221.4571484693433,679238,0.35811011751403776,105.57106889448386,0.047090545213135916
OH,765038,952458834.49,7742,103787.0,1244.9823858292007,556849,0.37386975643307263,98.81658486179282,0.03905348249150884
NC,754906,943793472.26,7339,102075.0,1250.2132348398343,579864,0.3018673344094478,102.86224281237226,0.03853626650406251
GA,695846,888528301.85,5625,108996.0,1276.903656628047,490799,0.41778202482075155,123.70595555555556,0.035521385313914425
MI,688655,896703336.79,7105,95738.0,1302.1082207927045,494486,0.392668346525483,96.92540464461646,0.03515430081275704
IL,621419,801074779.12,6801,84296.0,1289.1057066488152,428669,0.4496476302228527,91.37171004264079,0.0317220530697703
TN,526124,654257570.64,4761,76470.0,1243.542531114338,394642,0.3331677824458623,110.50703633690401,0.026857455998738098
IN,513503,671352541.29,4482,74064.0,1307.397505545245,370430,0.38623491617849526,114.57005800981705,0.026213182116231176
AL,482705,587231387.47,3127,77747.0,1216.5429972136192,362270,0.33244541364175895,154.36680524464342,0.024641012951074032
LA,468076,562659384.16,3265,70068.0,1202.068433673164,350640,0.33491900524754725,143.36171516079634,0.0238942351500128
MA,466905,570294912.98,5125,64927.0,1221.436722630942,359864,0.29744848053709183,91.10341463414635,0.02383445821344552
NJ,449589,604463573.22,4380,67438.0,1344.4803436471977,318400,0.4120257537688443,102.6458904109589,0.02295051505921924
MO,438387,541513842.22,3988,61533.0,1235.2415610408157,326241,0.3437520115497439,109.9265295887663,0.022378677959794268
KY,400407,478840161.62,3488,55280.0,1195.8835924946368,294137,0.361294226839874,114.79558486238533,0.020439883723393584
VA,390440,498211872.04,4506,50131.0,1276.0267186763651,275723,0.4160588706781807,86.64891256102973,0.019931090617700965
SC,389827,504411701.85,3430,57346.0,1293.9373153988822,274491,0.42018135385131017,113.65218658892128,0.01989979833579171
WI,332579,409725082.79,3790,36576.0,1231.9631810487133,244461,0.3604583144141602,87.75171503957783,0.01697741570162988
OK,325294,384593677.33,2755,42815.0,1182.2956381919125,243292,0.3370517731779097,118.07404718693284,0.01660553271026129
AZ,320492,425909866.65,3951,46866.0,1328.9251109232055,217601,0.4728424961282347,81.11667932169071,0.01636040132734407
WA,277124,351549190.25,4330,31645.0,1268.5627742454642,187057,0.48149494539097715,64.00092378752886,0.014146561715858423
MN,257477,324609724.5,3770,22792.0,1260.732898472485,185531,0.38778425168839714,68.29628647214854,0.013143626213947832
MD,251208,352622633.6,3132,34738.0,1403.7078182223497,167008,0.5041674650316152,80.20689655172414,0.01282360775507485
CT,237719,318386863.3,2361,35894.0,1339.341252907845,174509,0.36221627537834733,100.6857263871241,0.01213502440976656
AR,232002,264462537.10999998,2159,29396.0,1139.9149020698096,165239,0.4040389980573593,107.45808244557665,0.011843184318942372
MS,227537,282996159.6,1968,34430.0,1243.7368849901336,170922,0.33123296006365477,115.6183943089431,0.011615256033910011
IA,210001,242356891.76,2280,21228.0,1154.074941357422,152477,0.3772634561278094,92.10570175438596,0.010720082370678775
CO,194285,245726784.28,3226,17531.0,1264.7748631134673,125931,0.5427893052544648,60.22473651580905,0.009917815645579428
KS,183231,212680389.01,2056,19000.0,1160.7227434768133,134909,0.35818218206346497,89.12013618677042,0.009353533615848699
WV,178904,232683000.09,1561,25523.0,1300.6025582994232,136801,0.30776821806858146,114.60858424087124,0.009132649922828537
OR,170828,207516689.0,2658,17698.0,1214.7697625681972,117625,0.45231030818278417,64.2693754702784,0.008720388146810318
NV,136335,185395275.27,1547,21075.0,1359.8509206733415,89352,0.52581923180231,88.12863606981254,0.0069595974781381555
UT,114451,139493401.45,1481,11204.0,1218.8045665830791,73193,0.5636877843509625,77.2795408507765,0.005842468118754465
NE,114214,127623737.92,1363,9720.0,1117.4088808727477,81246,0.40577997686039935,83.7960381511372,0.0058303697976900375
PR,110333,117717526.49,1067,13913.0,1066.9294453155446,72268,0.5267199867161123,103.40487347703842,0.005632253409289009
ID,104763,122802295.38,1303,11086.0,1172.1914738982273,78932,0.3272563725738611,80.40138142747506,0.005347917340390858
NM,103894,127998954.55,1309,12638.0,1232.0148858451882,73248,0.4183868501529051,79.36898395721926,0.005303556829821289
ME,90022,112019755.04,1234,9276.0,1244.3597680566972,59805,0.5052587576289609,72.9513776337115,0.004595422189290739
NH,70445,90533404.16,977,8539.0,1285.1643716374476,49838,0.41347967414422726,72.10337768679632,0.003596060031154453
DE,59892,89858353.4,634,9897.0,1500.3398350363989,41181,0.45436002039775625,94.46687697160883,0.0030573529332940945
RI,57724,63836922.97,789,5527.0,1105.89915754279,40405,0.42863506991708955,73.16096324461344,0.002946681371827094
HI,57372,87563922.31,711,8436.0,1526.2483844035419,40592,0.4133819471817106,80.69198312236287,0.0029287125574191677
SD,50031,57124298.52,635,4654.0,1141.7780679978414,35244,0.4195607763023492,78.78897637795275,0.002553970891031137
MT,49056,57034516.29,767,3771.0,1162.640987646771,35591,0.378325981287404,63.958279009126464,0.0025041993170319093
ND,47102,54127431.74,585,4135.0,1149.1535760689567,33259,0.41621816651132026,80.51623931623932,0.0024044519779606367
VT,35479,42935573.22,523,3352.0,1210.1686411680148,27291,0.3000256494815141,67.83747609942638,0.0018111237681216388
AK,28472,36975327.7,466,2645.0,1298.6557916549593,20978,0.3572313852607494,61.09871244635193,0.0014534320563138559
DC,27962,37107662.45,434,3552.0,1327.0746888634576,18169,0.5389949914689856,64.42857142857143,0.0014273976945296447
WY,23554,26912535.33,349,1738.0,1142.588746285132,16088,0.46407260069617107,67.48997134670488,0.0012023791322849312
VI,1657,2110279.79,25,170.0,1273.554490042245,1544,0.07318652849740936,66.28,8.458615191458483e-05
GU,486,507891.45,10,28.0,1045.044135802469,391,0.24296675191815864,48.6,2.480921534730732e-05
MP,256,242377.59000000003,3,27.0,946.7874609375001,75,2.4133333333333336,85.33333333333333,1.306822866031003e-05
