Year,Gnrc_Name,claims,drug_cost,prescribers,benes_lower_bound,cost_per_claim,claim_share,claims_yoy
2020,Dulaglutide,2486752,2849897422.87,63998,255687.0,1146.03202203919,0.5232738028102627,
2021,Dulaglutide,3313160,4156252166.1,78837,389731.0,1254.4676882794672,0.5360637122941156,0.3323242526798007
2022,Dulaglutide,4174280,5581472135.65,95389,534841.0,1337.11014489924,0.49795279261323344,0.25990896908087757
2023,Dulaglutide,4851616,6666365125.9,109569,607161.0,1374.0504454392103,0.34451343779762084,0.1622641509433962
2024,Dulaglutide,3816376,4786817612.43,101479,424212.0,1254.2835434532658,0.19479764912202435,-0.21338044890609642
2020,Exenatide,294693,286028407.65,13538,8893.0,970.597902393338,0.06201065758530193,
2021,Exenatide,194163,215334956.57,9088,8658.0,1109.0421788394287,0.031415246643736607,-0.34113467235394124
2022,Exenatide,164351,187665179.03,8450,5346.0,1141.8560217461409,0.019605546206478128,-0.1535410969134181
2023,Exenatide,112470,130802179.42,6202,3315.0,1162.9961716013158,0.007986499003445124,-0.31567194601797377
2024,Exenatide,87285,90929266.13,4978,2037.0,1041.7513447900556,0.004455250951063495,-0.2239263803680982
2020,Liraglutide,951951,1241424236.76,33993,68025.0,1304.0841773998873,0.20031391142302585,
2021,Liraglutide,750962,1051694879.78,29888,46268.0,1400.4635118421438,0.12150438780856153,-0.21113376633881364
2022,Liraglutide,569902,832373893.27,25187,27783.0,1460.5561890816316,0.0679840097971068,-0.24110407717034954
2023,Liraglutide,425747,617334961.13,19787,20860.0,1450.004254005313,0.03023231076037833,-0.25294699790490294
2024,Liraglutide,86554,72020144.79,4004,6139.0,832.0833790466069,0.004417938830478888,-0.7967008575515506
2020,Semaglutide,1018900,1215904533.82,27680,136710.0,1193.3502147610168,0.21440162818140956,
2021,Semaglutide,1922249,2466086261.23,47058,274941.0,1282.9171773427897,0.3110166532535862,0.8865924035724801
2022,Semaglutide,3434882,4667099435.13,77353,523186.0,1358.7364675496858,0.4097494859465413,0.7869079396061593
2023,Semaglutide,7171085,9670618798.11,136488,1166441.0,1348.557268266936,0.5092190202375768,1.0877238286497177
2024,Semaglutide,10906364,13792509455.77,174885,1713272.0,1264.6294819950995,0.5566888764810066,0.5208805919885207
2022,Tirzepatide,39468,46700706.11,2034,5690.0,1183.2549434985303,0.004708165436640354,
2023,Tirzepatide,1521598,1965517131.54,44382,164365.0,1291.7453437373076,0.10804873220097885,37.55270092226614
2024,Tirzepatide,4694910,5825309627.68,97208,606944.0,1240.771309286014,0.23964028461542664,2.085512730694967
