Prscrbr_Type,claims,drug_cost,prescribers,benes_lower_bound,cost_per_claim,claims_per_prescriber,claim_share
Family Practice,5788253,7100499269.24,64038,684015.0,1226.7085196932476,90.38778537743215,0.29544732409057833
Internal Medicine,4885344,6060483011.61,44982,663157.0,1240.5437593770264,108.60664265706282,0.249360525889584
Nurse Practitioner,4044375,5016354035.97,51785,554276.0,1240.3286134371813,78.09935309452544,0.20643530463662052
Endocrinology,2495258,3523880802.15,5881,537091.0,1412.231040697996,424.29144703281753,0.12736438766854322
Physician Assistant,1373698,1710381901.29,17518,185182.0,1245.0931000045134,78.41637173193287,0.07011707992179665
General Practice,189993,222457683.65,2385,23645.0,1170.873051375577,79.66163522012579,0.009697731499632314
Cardiology,165268,199530495.13,2309,23859.0,1207.3147562141492,71.57557384148983,0.008435703891623552
Pharmacist,116291,116486290.92,1022,24034.0,1001.6793296127818,113.78767123287672,0.005935791812454888
Nephrology,83559,99128664.33,1147,12161.0,1186.3313865651814,72.85004359197907,0.0042650663254845
Geriatric Medicine,54646,62044876.42,795,5408.0,1135.396486842587,68.737106918239,0.002789272423346689
Emergency Medicine,52265,59771061.77,645,5977.0,1143.6154552759974,81.03100775193798,0.002667740057940466
Hospitalist,50667,58178454.67,901,5231.0,1148.2514194643456,56.23418423973363,0.002586174026895046
Student in an Organized Health Care Education/Training Program,41955,46576033.34,1986,1474.0,1110.1426132761292,21.12537764350453,0.002141491134236913
Pediatric Medicine,31919,39038432.96,437,3269.0,1223.0468673830635,73.04118993135012,0.0016292278754310098
Interventional Cardiology,24199,28843946.2,398,3582.0,1191.9478573494773,60.801507537688444,0.0012351792148110846
Certified Clinical Nurse Specialist,21846,28572331.22,129,4419.0,1307.8976114620525,169.34883720930233,0.001115076041438198
General Surgery,19376,22106014.9,350,1813.0,1140.8967227497935,55.36,0.0009890008870688696
Infectious Disease,16204,18043099.25,356,985.0,1113.4966212046409,45.51685393258427,0.0008270938467208899
Pulmonary Disease,14181,16488867.3,239,1229.0,1162.7436217474085,59.33472803347281,0.0007238347223123265
Osteopathic Manipulative Medicine,14056,16447071.93,161,1652.0,1170.1104105008537,87.30434782608695,0.0007174544007349314
Gastroenterology,12926,15053696.55,283,1186.0,1164.6059531177473,45.67491166077738,0.0006597762936752791
Obstetrics & Gynecology,11324,12757654.45,292,803.0,1126.6031835040621,38.78082191780822,0.0005780060923393827
Advanced Heart Failure and Transplant Cardiology,7443,8589588.01,158,948.0,1154.0491750638182,47.107594936708864,0.00037990986800441763
Preventive Medicine,6882,7936606.18,83,1048.0,1153.2412351060739,82.91566265060241,0.00035127498476506815
Rheumatology,5572,6197983.42,91,539.0,1112.3444759511844,61.23076923076923,0.0002844092146339668
Family Medicine,4979,5144588.73,123,266.0,1033.2574271942158,40.479674796747965,0.00025414096907080416
Psychiatry,4575,4704348.5,132,179.0,1028.2728961748635,34.65909090909091,0.00023351976973266298
Registered Nurse,4109,4816181.45,64,483.0,1172.1054879532733,64.203125,0.00020973393089213384
Physical Medicine and Rehabilitation,4038,3837761.49,75,298.0,950.4114635958396,53.84,0.00020610990823617336
Specialist,4005,4873517.68,63,497.0,1216.8583470661672,63.57142857142857,0.00020442550333974106
Neurology,3430,3813735.58,72,457.0,1111.8762623906705,47.638888888888886,0.0001750760240837233
Hospice and Palliative Care,3273,3282978.89,52,199.0,1003.0488512068439,62.94230769230769,0.00016706234018251496
Sports Medicine,3102,3688125.18,59,226.0,1188.9507350096712,52.57627118644068,0.00015833406026463838
Hematology-Oncology,2633,2902687.69,63,177.0,1102.4260121534371,41.79365079365079,0.00013439509370625173
Clinical Cardiac Electrophysiology,2415,2867948.88,64,332.0,1187.5564720496893,37.734375,0.00012326781287527456
Critical Care (Intensivists),2163,2703992.33,40,270.0,1250.112034211743,54.075,0.00011040508457524592
Anesthesiology,2063,2165167.79,59,194.0,1049.5238923897236,34.96610169491525,0.00010530082731332978
Addiction Medicine,1898,2456120.67,25,226.0,1294.0572550052686,75.92,9.687880283116817e-05
Psychiatry & Neurology,1633,1773218.84,65,38.0,1085.8657930189836,25.123076923076923,8.335252108709043e-05
Nuclear Medicine,1607,2162796.86,6,350.0,1345.8599004355942,267.8333333333333,8.202541419899223e-05
Allergy/ Immunology,1422,1626219.22,35,108.0,1143.6140787623067,40.628571428571426,7.258253826444738e-05
Interventional Pain Management,1304,1425146.55,24,95.0,1092.90379601227,54.333333333333336,6.655951469538635e-05
Sleep Medicine,1182,1596875.6099999999,20,112.0,1350.9945939086294,59.1,6.033232083584867e-05
Naturopath,1127,1174733.07,45,48.0,1042.354099378882,25.044444444444444,5.7524979341794794e-05
Legal Medicine,937,986804.43,8,116.0,1053.1530736392742,117.125,4.7826890544154145e-05
Pain Management,900,939619.81,26,73.0,1044.0220111111112,34.61538461538461,4.593831535724518e-05
Radiation Oncology,872,1218788.67,8,159.0,1397.6934288990824,109.0,4.4509123323908665e-05
Urology,819,880605.3300000001,26,62.0,1075.2201831501832,31.5,4.1803866975093116e-05
Certified Nurse Midwife,759,849287.95,22,35.0,1118.9564558629775,34.5,3.8741312617943435e-05
Diagnostic Radiology,726,794341.16,25,44.0,1094.133829201102,29.04,3.7056907721511115e-05
Dermatology,703,768508.29,25,24.0,1093.1839118065434,28.12,3.58829285512704e-05
Undefined Physician type,668,788881.24,10,88.0,1180.9599401197604,66.8,3.409643850959975e-05
Otolaryngology,619,637099.46,16,64.0,1029.2398384491114,38.6875,3.159535245126085e-05
Orthopedic Surgery,568,608125.2,24,12.0,1070.6429577464787,23.666666666666668,2.8992181247683623e-05
Medical Oncology,557,619140.0,18,0.0,1111.5619389587073,30.944444444444443,2.843071294887285e-05
Clinic/Center,353,397496.76,12,13.0,1126.0531444759208,29.416666666666668,1.8018028134563943e-05
Ophthalmology,337,354622.58999999997,20,0.0,1052.2925519287833,16.85,1.7201346972657362e-05
Vascular Surgery,334,374610.5,9,28.0,1121.5883233532934,37.111111111111114,1.7048219254799876e-05
Pharmacy,302,286490.01,2,57.0,948.6424172185431,151.0,1.5414856930986716e-05
Clinic or Group Practice,282,271047.0,2,36.0,961.1595744680851,141.0,1.439400547860349e-05
Neurosurgery,271,374634.62,8,44.0,1382.4155719557195,33.875,1.3832537179792716e-05
Orthopaedic Surgery,258,323175.12,7,49.0,1252.6167441860464,36.857142857142854,1.3168983735743618e-05
Licensed Practical Nurse,250,322785.06999999995,1,37.0,1291.1402799999998,250.0,1.2760643154790328e-05
Plastic and Reconstructive Surgery,241,278006.97,9,0.0,1153.5558921161823,26.77777777777778,1.2301260001217875e-05
Geriatric Psychiatry,230,263623.17000000004,1,28.0,1146.1876956521742,230.0,1.17397917024071e-05
Cardiac Surgery,199,316563.58999999997,3,27.0,1590.771809045226,66.33333333333333,1.01574719512131e-05
Integrative Medicine,163,214543.41999999998,3,22.0,1316.217300613497,54.333333333333336,8.319939336923294e-06
Thoracic Surgery,141,139070.47,6,0.0,986.315390070922,23.5,7.197002739301745e-06
Dentist,127,117559.92,9,0.0,925.6686614173228,14.11111111111111,6.482406722633486e-06
Neuropsychiatry,127,131501.63,5,0.0,1035.4459055118111,25.4,6.482406722633486e-06
Case Manager/Care Coordinator,113,192376.08,1,14.0,1702.4431858407079,113.0,5.767810705965228e-06
Podiatry,108,97865.56,7,0.0,906.1625925925925,15.428571428571429,5.512597842869422e-06
Pathology,82,81677.13,3,0.0,996.0625609756098,27.333333333333332,4.185490954771228e-06
Medical Genetics and Genomics,82,122806.79000000001,1,20.0,1497.643780487805,82.0,4.185490954771228e-06
Chiropractic,77,78239.77,5,0.0,1016.1009090909091,15.4,3.930278091675421e-06
Thoracic Surgery (Cardiothoracic Vascular Surgery),76,89700.17,4,0.0,1180.2653947368422,19.0,3.87923551905626e-06
"Neuromusculoskeletal Medicine, Sports Medicine",50,48681.14,2,0.0,973.6228,25.0,2.5521286309580654e-06
Interventional Radiology,48,48697.350000000006,2,0.0,1014.5281250000002,24.0,2.450043485719743e-06
Colorectal Surgery (Proctology),47,48409.78,3,0.0,1029.9953191489362,15.666666666666666,2.3990009131005814e-06
Midwife,45,53981.9,1,0.0,1199.5977777777778,45.0,2.296915767862259e-06
Neurological Surgery,45,48641.59,2,0.0,1080.9242222222222,22.5,2.296915767862259e-06
Optometry,39,30727.55,2,0.0,787.8858974358974,19.5,1.990660332147291e-06
Peripheral Vascular Disease,38,41332.32,2,0.0,1087.6926315789474,19.0,1.93961775952813e-06
Behavior Analyst,34,32510.61,1,14.0,956.1944117647059,34.0,1.7354474690514846e-06
Unknown,34,30524.230000000003,1,0.0,897.7714705882354,34.0,1.7354474690514846e-06
Plastic Surgery,34,34103.03,2,0.0,1003.030294117647,17.0,1.7354474690514846e-06
Acupuncturist,32,30301.18,2,0.0,946.911875,16.0,1.633362323813162e-06
Program of All-Inclusive Care for the Elderly (PACE) Provider Organization,31,39811.649999999994,1,0.0,1284.2467741935482,31.0,1.5823197511940007e-06
Undersea and Hyperbaric Medicine,27,13237.4,1,0.0,490.27407407407406,27.0,1.3781494607173554e-06
Personal Emergency Response Attendant,27,27467.03,2,0.0,1017.2974074074074,13.5,1.3781494607173554e-06
Hematology,24,26784.88,2,0.0,1116.0366666666666,12.0,1.2250217428598714e-06
Colon & Rectal Surgery,23,52787.17,1,0.0,2295.094347826087,23.0,1.1739791702407102e-06
Military Health Care Provider,22,26261.92,1,0.0,1193.7236363636364,22.0,1.122936597621549e-06
Surgery,17,23178.06,1,0.0,1363.4152941176471,17.0,8.677237345257423e-07
"Psychologist, Clinical",17,24067.65,1,0.0,1415.7441176470588,17.0,8.677237345257423e-07
Health Maintenance Organization,16,15738.5,1,0.0,983.65625,16.0,8.16681161906581e-07
Licensed Clinical Social Worker,14,15812.5,1,0.0,1129.4642857142858,14.0,7.145960166682583e-07
Certified Registered Nurse Anesthetist (CRNA),14,12912.66,1,0.0,922.3328571428572,14.0,7.145960166682583e-07
Hospital,13,13624.27,1,0.0,1048.0207692307692,13.0,6.635534440490971e-07
General Acute Care Hospital,13,14333.81,1,0.0,1102.6007692307692,13.0,6.635534440490971e-07
Adult Congenital Heart Disease,12,11435.44,1,0.0,952.9533333333334,12.0,6.125108714299357e-07
Contractor,12,15244.24,1,0.0,1270.3533333333332,12.0,6.125108714299357e-07
Homeopath,11,12461.03,1,0.0,1132.8209090909093,11.0,5.614682988107745e-07
Specialist/Technologist,11,9422.16,1,0.0,856.56,11.0,5.614682988107745e-07
