Prscrbr_State_Abrvtn,prescribers_emerging,prescribers_high_value,prescribers_low_adopter,claims_emerging,claims_high_value,claims_low_adopter,total_claims
TX,2856,3612,8218,258324,1065204,332455,1655983
CA,3322,2934,13074,288435,903318,454056,1645809
NY,2033,2600,7809,181367,839987,305001,1326355
FL,2756,2592,7882,243190,768319,293351,1304860
PA,1695,1879,5164,151975,557348,213157,922480
OH,1506,1634,4602,133113,441510,190415,765038
NC,1354,1680,4305,121286,449791,183829,754906
GA,1065,1652,2908,95389,485098,115359,695846
MI,1500,1487,4118,134656,384468,169531,688655
IL,1352,1211,4238,118788,345360,157271,621419
TN,893,1217,2651,80825,327705,117594,526124
IN,922,1199,2361,83503,331229,98771,513503
AL,483,1218,1426,43808,376468,62429,482705
LA,505,1203,1557,47056,353446,67574,468076
MA,802,771,3552,68196,266979,131730,466905
NJ,773,862,2745,67280,284784,97525,449589
MO,763,989,2236,68871,278683,90833,438387
KY,668,903,1917,59987,257088,83332,400407
VA,876,773,2857,77648,205365,107427,390440
SC,658,967,1805,60011,252848,76968,389827
WI,753,665,2372,66677,167357,98545,332579
OK,560,805,1390,51739,214307,59248,325294
AZ,788,629,2534,69250,158816,92426,320492
WA,784,412,3134,67161,105140,104823,277124
MN,746,381,2643,63640,91770,102067,257477
MD,578,454,2100,50051,127829,73328,251208
CT,413,458,1490,35463,144988,57268,237719
AR,445,524,1190,39640,144322,48040,232002
MS,305,528,1135,26959,154856,45722,227537
IA,495,437,1348,43613,108786,57602,210001
CO,607,268,2351,51118,65716,77451,194285
KS,414,339,1303,37289,91611,54331,183231
WV,284,424,853,26061,114015,38828,178904
OR,499,246,1913,42177,60247,68404,170828
NV,309,259,979,27125,74116,35094,136335
UT,315,228,938,27814,53665,32972,114451
NE,273,232,858,24470,54894,34850,114214
PR,78,151,838,6940,81617,21776,110333
ID,220,207,876,19635,51331,33797,104763
NM,253,202,854,21072,50148,32674,103894
ME,281,144,809,24056,35609,30357,90022
NH,181,106,690,15139,31697,23609,70445
DE,125,106,403,10827,33250,15815,59892
RI,155,81,553,13550,23846,20328,57724
HI,128,104,479,11152,26692,19528,57372
SD,126,81,428,11086,22718,16227,50031
MT,123,74,570,10650,17776,20630,49056
ND,101,95,389,8891,23338,14873,47102
VT,96,52,375,7719,13027,14733,35479
AK,75,46,345,6494,10019,11959,28472
DC,60,52,322,5286,13154,9522,27962
WY,64,50,235,5453,9535,8566,23554
VI,2,4,19,228,794,635,1657
AP,0,3,3,0,1154,131,1285
GU,1,1,8,72,177,237,486
XX,1,0,4,93,0,205,298
ZZ,1,0,6,115,0,161,276
MP,0,1,2,0,201,55,256
AE,1,0,4,60,0,75,135
