State,Claims,Gross Drug Cost,Prescribers,Cost per Claim,Claims YoY,Claims per Prescriber,Claim Share,Emerging Prescribers,High-value Prescribers,Low-adopter Prescribers,Claims (Emerging),Claims (High-value),Claims (Low-adopter)
TX,1655983,2172076116.85,14686,1311.6536322232776,0.394835014424393,112.75929456625356,0.084534236334321,2856,3612,8218,258324,1065204,332455
CA,1645809,1899340477.52,19330,1154.046719588968,0.4236843448345662,85.14273150543197,0.0840148763406101,3322,2934,13074,288435,903318,454056
NY,1326355,1717233277.48,12442,1294.7010999920835,0.3407289551279264,106.603038096769,0.0677074625966621,2033,2600,7809,181367,839987,305001
FL,1304860,1658104970.97,13230,1270.7148437150345,0.4832589729745091,98.62887377173092,0.0666101908191099,2756,2592,7882,243190,768319,293351
PA,922480,1126769790.32,8738,1221.457148469343,0.3581101175140377,105.57106889448386,0.0470905452131359,1695,1879,5164,151975,557348,213157
OH,765038,952458834.49,7742,1244.982385829201,0.3738697564330726,98.81658486179282,0.0390534824915088,1506,1634,4602,133113,441510,190415
NC,754906,943793472.26,7339,1250.2132348398345,0.3018673344094478,102.86224281237226,0.0385362665040625,1354,1680,4305,121286,449791,183829
GA,695846,888528301.85,5625,1276.903656628047,0.4177820248207515,123.70595555555556,0.0355213853139144,1065,1652,2908,95389,485098,115359
MI,688655,896703336.79,7105,1302.1082207927043,0.392668346525483,96.92540464461646,0.035154300812757,1500,1487,4118,134656,384468,169531
IL,621419,801074779.12,6801,1289.1057066488152,0.4496476302228527,91.3717100426408,0.0317220530697703,1352,1211,4238,118788,345360,157271
TN,526124,654257570.64,4761,1243.542531114338,0.3331677824458623,110.507036336904,0.026857455998738,893,1217,2651,80825,327705,117594
IN,513503,671352541.29,4482,1307.397505545245,0.3862349161784952,114.57005800981705,0.0262131821162311,922,1199,2361,83503,331229,98771
AL,482705,587231387.47,3127,1216.5429972136192,0.3324454136417589,154.36680524464342,0.024641012951074,483,1218,1426,43808,376468,62429
LA,468076,562659384.16,3265,1202.068433673164,0.3349190052475472,143.36171516079634,0.0238942351500128,505,1203,1557,47056,353446,67574
MA,466905,570294912.98,5125,1221.436722630942,0.2974484805370918,91.10341463414636,0.0238344582134455,802,771,3552,68196,266979,131730
NJ,449589,604463573.22,4380,1344.4803436471975,0.4120257537688443,102.6458904109589,0.0229505150592192,773,862,2745,67280,284784,97525
MO,438387,541513842.22,3988,1235.2415610408157,0.3437520115497439,109.9265295887663,0.0223786779597942,763,989,2236,68871,278683,90833
KY,400407,478840161.62,3488,1195.8835924946368,0.361294226839874,114.79558486238533,0.0204398837233935,668,903,1917,59987,257088,83332
VA,390440,498211872.04,4506,1276.0267186763651,0.4160588706781807,86.64891256102973,0.0199310906177009,876,773,2857,77648,205365,107427
SC,389827,504411701.85,3430,1293.9373153988822,0.4201813538513101,113.65218658892128,0.0198997983357917,658,967,1805,60011,252848,76968
WI,332579,409725082.79,3790,1231.9631810487133,0.3604583144141602,87.75171503957783,0.0169774157016298,753,665,2372,66677,167357,98545
OK,325294,384593677.33,2755,1182.2956381919123,0.3370517731779097,118.07404718693284,0.0166055327102612,560,805,1390,51739,214307,59248
AZ,320492,425909866.65,3951,1328.9251109232057,0.4728424961282347,81.11667932169071,0.016360401327344,788,629,2534,69250,158816,92426
WA,277124,351549190.25,4330,1268.5627742454642,0.4814949453909771,64.00092378752886,0.0141465617158584,784,412,3134,67161,105140,104823
MN,257477,324609724.5,3770,1260.732898472485,0.3877842516883971,68.29628647214854,0.0131436262139478,746,381,2643,63640,91770,102067
MD,251208,352622633.6,3132,1403.7078182223495,0.5041674650316152,80.20689655172414,0.0128236077550748,578,454,2100,50051,127829,73328
CT,237719,318386863.3,2361,1339.341252907845,0.3622162753783473,100.6857263871241,0.0121350244097665,413,458,1490,35463,144988,57268
AR,232002,264462537.11,2159,1139.9149020698096,0.4040389980573593,107.45808244557664,0.0118431843189423,445,524,1190,39640,144322,48040
MS,227537,282996159.6,1968,1243.7368849901336,0.3312329600636547,115.6183943089431,0.01161525603391,305,528,1135,26959,154856,45722
IA,210001,242356891.76,2280,1154.074941357422,0.3772634561278094,92.10570175438596,0.0107200823706787,495,437,1348,43613,108786,57602
CO,194285,245726784.28,3226,1264.7748631134673,0.5427893052544648,60.22473651580905,0.0099178156455794,607,268,2351,51118,65716,77451
KS,183231,212680389.01,2056,1160.722743476813,0.3581821820634649,89.12013618677042,0.0093535336158486,414,339,1303,37289,91611,54331
WV,178904,232683000.09,1561,1300.6025582994232,0.3077682180685814,114.60858424087124,0.0091326499228285,284,424,853,26061,114015,38828
OR,170828,207516689.0,2658,1214.7697625681972,0.4523103081827841,64.2693754702784,0.0087203881468103,499,246,1913,42177,60247,68404
NV,136335,185395275.27,1547,1359.8509206733415,0.52581923180231,88.12863606981254,0.0069595974781381,309,259,979,27125,74116,35094
UT,114451,139493401.45,1481,1218.8045665830791,0.5636877843509625,77.2795408507765,0.0058424681187544,315,228,938,27814,53665,32972
NE,114214,127623737.92,1363,1117.4088808727477,0.4057799768603993,83.7960381511372,0.00583036979769,273,232,858,24470,54894,34850
PR,110333,117717526.49,1067,1066.9294453155446,0.5267199867161123,103.40487347703842,0.005632253409289,78,151,838,6940,81617,21776
ID,104763,122802295.38,1303,1172.1914738982273,0.3272563725738611,80.40138142747506,0.0053479173403908,220,207,876,19635,51331,33797
NM,103894,127998954.55,1309,1232.0148858451882,0.4183868501529051,79.36898395721926,0.0053035568298212,253,202,854,21072,50148,32674
ME,90022,112019755.04,1234,1244.3597680566972,0.5052587576289609,72.9513776337115,0.0045954221892907,281,144,809,24056,35609,30357
NH,70445,90533404.16,977,1285.1643716374476,0.4134796741442272,72.10337768679632,0.0035960600311544,181,106,690,15139,31697,23609
DE,59892,89858353.4,634,1500.3398350363989,0.4543600203977562,94.46687697160884,0.003057352933294,125,106,403,10827,33250,15815
RI,57724,63836922.97,789,1105.89915754279,0.4286350699170895,73.16096324461344,0.002946681371827,155,81,553,13550,23846,20328
HI,57372,87563922.31,711,1526.248384403542,0.4133819471817106,80.69198312236287,0.0029287125574191,128,104,479,11152,26692,19528
SD,50031,57124298.52,635,1141.7780679978414,0.4195607763023492,78.78897637795275,0.0025539708910311,126,81,428,11086,22718,16227
MT,49056,57034516.29,767,1162.640987646771,0.378325981287404,63.958279009126464,0.0025041993170319,123,74,570,10650,17776,20630
ND,47102,54127431.74,585,1149.153576068957,0.4162181665113202,80.51623931623932,0.0024044519779606,101,95,389,8891,23338,14873
VT,35479,42935573.22,523,1210.1686411680148,0.3000256494815141,67.83747609942638,0.0018111237681216,96,52,375,7719,13027,14733
AK,28472,36975327.7,466,1298.655791654959,0.3572313852607494,61.09871244635193,0.0014534320563138,75,46,345,6494,10019,11959
DC,27962,37107662.45,434,1327.0746888634576,0.5389949914689856,64.42857142857143,0.0014273976945296,60,52,322,5286,13154,9522
WY,23554,26912535.33,349,1142.588746285132,0.464072600696171,67.48997134670488,0.0012023791322849,64,50,235,5453,9535,8566
VI,1657,2110279.79,25,1273.554490042245,0.0731865284974093,66.28,8.458615191458483e-05,2,4,19,228,794,635
GU,486,507891.45,10,1045.044135802469,0.2429667519181586,48.6,2.480921534730732e-05,1,1,8,72,177,237
MP,256,242377.59000000003,3,946.7874609375,2.4133333333333336,85.33333333333333,1.306822866031003e-05,0,1,2,0,201,55
