Specialty,Claims,Gross Drug Cost,Prescribers,cost_per_claim,Claims per Prescriber,Claim Share
Family Practice,5788253,7100499269.24,64038,1226.7085196932476,90.38778537743217,0.2954473240905783
Internal Medicine,4885344,6060483011.61,44982,1240.5437593770264,108.60664265706282,0.249360525889584
Nurse Practitioner,4044375,5016354035.97,51785,1240.3286134371813,78.09935309452544,0.2064353046366205
Endocrinology,2495258,3523880802.15,5881,1412.231040697996,424.29144703281753,0.1273643876685432
Physician Assistant,1373698,1710381901.29,17518,1245.0931000045134,78.41637173193287,0.0701170799217966
General Practice,189993,222457683.65,2385,1170.873051375577,79.66163522012579,0.0096977314996323
Cardiology,165268,199530495.13,2309,1207.3147562141492,71.57557384148983,0.0084357038916235
Pharmacist,116291,116486290.92,1022,1001.6793296127818,113.78767123287672,0.0059357918124548
Nephrology,83559,99128664.33,1147,1186.3313865651814,72.85004359197907,0.0042650663254845
Geriatric Medicine,54646,62044876.42,795,1135.396486842587,68.737106918239,0.0027892724233466
Emergency Medicine,52265,59771061.77,645,1143.6154552759974,81.03100775193798,0.0026677400579404
Hospitalist,50667,58178454.67,901,1148.2514194643456,56.23418423973363,0.002586174026895
Student in an Organized Health Care Education/Training Program,41955,46576033.34,1986,1110.1426132761292,21.12537764350453,0.0021414911342369
Pediatric Medicine,31919,39038432.96,437,1223.0468673830635,73.04118993135012,0.001629227875431
Interventional Cardiology,24199,28843946.2,398,1191.947857349477,60.80150753768845,0.001235179214811
Certified Clinical Nurse Specialist,21846,28572331.22,129,1307.8976114620525,169.34883720930233,0.0011150760414381
General Surgery,19376,22106014.9,350,1140.8967227497935,55.36,0.0009890008870688
Infectious Disease,16204,18043099.25,356,1113.4966212046409,45.51685393258427,0.0008270938467208
Pulmonary Disease,14181,16488867.3,239,1162.7436217474085,59.33472803347281,0.0007238347223123
Osteopathic Manipulative Medicine,14056,16447071.93,161,1170.1104105008535,87.30434782608695,0.0007174544007349
Gastroenterology,12926,15053696.55,283,1164.6059531177473,45.67491166077738,0.0006597762936752
Obstetrics & Gynecology,11324,12757654.45,292,1126.603183504062,38.78082191780822,0.0005780060923393
Advanced Heart Failure and Transplant Cardiology,7443,8589588.01,158,1154.0491750638182,47.107594936708864,0.0003799098680044
Preventive Medicine,6882,7936606.18,83,1153.241235106074,82.91566265060241,0.000351274984765
Rheumatology,5572,6197983.42,91,1112.3444759511844,61.23076923076923,0.0002844092146339
Family Medicine,4979,5144588.73,123,1033.2574271942158,40.479674796747965,0.0002541409690708
Psychiatry,4575,4704348.5,132,1028.2728961748635,34.65909090909091,0.0002335197697326
Registered Nurse,4109,4816181.45,64,1172.1054879532733,64.203125,0.0002097339308921
Physical Medicine and Rehabilitation,4038,3837761.49,75,950.4114635958396,53.84,0.0002061099082361
Specialist,4005,4873517.68,63,1216.8583470661672,63.57142857142857,0.0002044255033397
Neurology,3430,3813735.58,72,1111.8762623906705,47.638888888888886,0.0001750760240837
Hospice and Palliative Care,3273,3282978.89,52,1003.048851206844,62.94230769230769,0.0001670623401825
Sports Medicine,3102,3688125.18,59,1188.9507350096712,52.57627118644068,0.0001583340602646
Hematology-Oncology,2633,2902687.69,63,1102.4260121534371,41.79365079365079,0.0001343950937062
Clinical Cardiac Electrophysiology,2415,2867948.88,64,1187.556472049689,37.734375,0.0001232678128752
Critical Care (Intensivists),2163,2703992.33,40,1250.112034211743,54.075,0.0001104050845752
Anesthesiology,2063,2165167.79,59,1049.5238923897236,34.96610169491525,0.0001053008273133
Addiction Medicine,1898,2456120.67,25,1294.0572550052686,75.92,9.687880283116817e-05
Psychiatry & Neurology,1633,1773218.84,65,1085.8657930189836,25.123076923076923,8.335252108709043e-05
Nuclear Medicine,1607,2162796.86,6,1345.8599004355942,267.8333333333333,8.202541419899223e-05
Allergy/ Immunology,1422,1626219.22,35,1143.6140787623067,40.62857142857143,7.258253826444738e-05
Interventional Pain Management,1304,1425146.55,24,1092.90379601227,54.333333333333336,6.655951469538635e-05
Sleep Medicine,1182,1596875.61,20,1350.9945939086294,59.1,6.033232083584867e-05
Naturopath,1127,1174733.07,45,1042.354099378882,25.044444444444444,5.75249793417948e-05
Legal Medicine,937,986804.43,8,1053.1530736392742,117.125,4.782689054415415e-05
Pain Management,900,939619.81,26,1044.0220111111112,34.61538461538461,4.593831535724518e-05
Radiation Oncology,872,1218788.67,8,1397.6934288990824,109.0,4.4509123323908665e-05
Urology,819,880605.3300000001,26,1075.2201831501832,31.5,4.180386697509312e-05
Certified Nurse Midwife,759,849287.95,22,1118.9564558629777,34.5,3.874131261794344e-05
Diagnostic Radiology,726,794341.16,25,1094.133829201102,29.04,3.705690772151112e-05
Dermatology,703,768508.29,25,1093.1839118065434,28.12,3.58829285512704e-05
Undefined Physician type,668,788881.24,10,1180.9599401197604,66.8,3.409643850959975e-05
Otolaryngology,619,637099.46,16,1029.2398384491114,38.6875,3.159535245126085e-05
Orthopedic Surgery,568,608125.2,24,1070.6429577464787,23.666666666666668,2.8992181247683623e-05
Medical Oncology,557,619140.0,18,1111.5619389587073,30.944444444444443,2.843071294887285e-05
Clinic/Center,353,397496.76,12,1126.0531444759208,29.416666666666668,1.8018028134563943e-05
Ophthalmology,337,354622.59,20,1052.2925519287833,16.85,1.7201346972657362e-05
Vascular Surgery,334,374610.5,9,1121.5883233532934,37.11111111111112,1.7048219254799876e-05
Pharmacy,302,286490.01,2,948.6424172185432,151.0,1.5414856930986716e-05
Clinic or Group Practice,282,271047.0,2,961.1595744680852,141.0,1.439400547860349e-05
Neurosurgery,271,374634.62,8,1382.4155719557195,33.875,1.3832537179792716e-05
Orthopaedic Surgery,258,323175.12,7,1252.6167441860464,36.85714285714285,1.3168983735743618e-05
Licensed Practical Nurse,250,322785.06999999995,1,1291.1402799999998,250.0,1.2760643154790328e-05
Plastic and Reconstructive Surgery,241,278006.97,9,1153.5558921161823,26.77777777777778,1.2301260001217877e-05
Geriatric Psychiatry,230,263623.17000000004,1,1146.1876956521742,230.0,1.17397917024071e-05
Cardiac Surgery,199,316563.59,3,1590.771809045226,66.33333333333333,1.01574719512131e-05
Integrative Medicine,163,214543.42,3,1316.217300613497,54.333333333333336,8.319939336923294e-06
Thoracic Surgery,141,139070.47,6,986.315390070922,23.5,7.197002739301745e-06
Dentist,127,117559.92,9,925.6686614173228,14.11111111111111,6.482406722633486e-06
Neuropsychiatry,127,131501.63,5,1035.4459055118111,25.4,6.482406722633486e-06
Case Manager/Care Coordinator,113,192376.08,1,1702.443185840708,113.0,5.767810705965228e-06
Podiatry,108,97865.56,7,906.1625925925924,15.428571428571429,5.512597842869422e-06
Pathology,82,81677.13,3,996.0625609756098,27.33333333333333,4.185490954771228e-06
Medical Genetics and Genomics,82,122806.79,1,1497.643780487805,82.0,4.185490954771228e-06
Chiropractic,77,78239.77,5,1016.1009090909092,15.4,3.930278091675421e-06
Thoracic Surgery (Cardiothoracic Vascular Surgery),76,89700.17,4,1180.2653947368422,19.0,3.87923551905626e-06
"Neuromusculoskeletal Medicine, Sports Medicine",50,48681.14,2,973.6228,25.0,2.5521286309580654e-06
Interventional Radiology,48,48697.350000000006,2,1014.5281250000002,24.0,2.450043485719743e-06
Colorectal Surgery (Proctology),47,48409.78,3,1029.9953191489362,15.666666666666666,2.3990009131005814e-06
Midwife,45,53981.9,1,1199.5977777777778,45.0,2.296915767862259e-06
Neurological Surgery,45,48641.59,2,1080.9242222222222,22.5,2.296915767862259e-06
Optometry,39,30727.55,2,787.8858974358974,19.5,1.990660332147291e-06
Peripheral Vascular Disease,38,41332.32,2,1087.6926315789474,19.0,1.93961775952813e-06
Behavior Analyst,34,32510.61,1,956.194411764706,34.0,1.7354474690514846e-06
Unknown,34,30524.230000000003,1,897.7714705882354,34.0,1.7354474690514846e-06
Plastic Surgery,34,34103.03,2,1003.030294117647,17.0,1.7354474690514846e-06
Acupuncturist,32,30301.18,2,946.911875,16.0,1.633362323813162e-06
Program of All-Inclusive Care for the Elderly (PACE) Provider Organization,31,39811.65,1,1284.2467741935482,31.0,1.5823197511940009e-06
Undersea and Hyperbaric Medicine,27,13237.4,1,490.27407407407406,27.0,1.3781494607173554e-06
Personal Emergency Response Attendant,27,27467.03,2,1017.2974074074074,13.5,1.3781494607173554e-06
Hematology,24,26784.88,2,1116.0366666666666,12.0,1.2250217428598714e-06
Colon & Rectal Surgery,23,52787.17,1,2295.094347826087,23.0,1.1739791702407102e-06
Military Health Care Provider,22,26261.92,1,1193.7236363636364,22.0,1.122936597621549e-06
Surgery,17,23178.06,1,1363.4152941176471,17.0,8.677237345257423e-07
"Psychologist, Clinical",17,24067.65,1,1415.7441176470588,17.0,8.677237345257423e-07
Health Maintenance Organization,16,15738.5,1,983.65625,16.0,8.16681161906581e-07
Licensed Clinical Social Worker,14,15812.5,1,1129.4642857142858,14.0,7.145960166682583e-07
Certified Registered Nurse Anesthetist (CRNA),14,12912.66,1,922.3328571428572,14.0,7.145960166682583e-07
Hospital,13,13624.27,1,1048.0207692307692,13.0,6.635534440490971e-07
General Acute Care Hospital,13,14333.81,1,1102.6007692307692,13.0,6.635534440490971e-07
Adult Congenital Heart Disease,12,11435.44,1,952.9533333333334,12.0,6.125108714299357e-07
Contractor,12,15244.24,1,1270.3533333333332,12.0,6.125108714299357e-07
Homeopath,11,12461.03,1,1132.8209090909093,11.0,5.614682988107745e-07
Specialist/Technologist,11,9422.16,1,856.56,11.0,5.614682988107745e-07
